{"train_loss": [0.3324381986260414, 0.17728474706411362, 0.16626936435699463, 0.13194545216858386, 0.10130836438387632, 0.09298588041216135, 0.09335412748157979, 0.09194103019312024, 0.054184991652145985, 0.08096928057260812, 0.0879591453121975, 0.06555843831505627, 0.04440341593697667, 0.0741098851035349, 0.026021457901224496, 0.05712768657598644, 0.05370431212708354, 0.05869125861208886, 0.061948686407413335, 0.030236027990467845, 0.02280852778349072, 0.04389034568099305, 0.03268539746641182, 0.015786883610417135, 0.02005743369460106, 0.013905771935533266, 0.016655111305881293, 0.031011151687707753, 0.009236135339015163, 0.0023832297613262197, 0.00945429805025924, 0.0333599140617298, 0.011051000001607462, 0.018411134746274913, 0.018278549943352117, 0.00312286194995977, 0.0020241917454404757, 0.0019112070377741474, 0.027982053292216733], "train_acc": [0.85625, 0.93375, 0.94625, 0.95875, 0.95875, 0.965, 0.9675, 0.9725, 0.9775, 0.975, 0.97625, 0.97875, 0.98125, 0.975, 0.9875, 0.98, 0.9825, 0.98125, 0.9825, 0.98625, 0.99375, 0.9875, 0.98625, 0.99625, 0.995, 0.9975, 0.99375, 0.98875, 0.99625, 1.0, 0.99625, 0.99125, 0.99875, 0.9925, 0.99375, 0.99875, 1.0, 1.0, 0.99625], "val_loss": [0.1933795553445816, 0.1223166698217392, 0.04346820537000894, 0.05574757657945156, 0.060209429748356344, 0.055499828830361364, 0.025379208102822303, 0.01271283246576786, 0.02081340491771698, 0.018248204858973622, 0.02928840309381485, 0.012032355023548007, 0.005893461424857378, 0.010218063779175281, 0.003440163467312232, 0.013467663510236889, 0.02832942191103939, 0.027075157852377744, 0.0068403424427378925, 0.014245371998986229, 0.009282043734565378, 0.004698175499215722, 0.0018868348561227322, 0.00155959605704993, 0.0022752663865685465, 0.00045812128111720083, 0.00048072257777675986, 0.0153626885288395, 0.00035600379109382627, 0.0018724304833449424, 0.03075379111338407, 0.0094303426053375, 0.013153411904349923, 0.00032602956285700203, 0.01791081180796027, 0.0022926800418645145, 0.001038903440348804, 0.02254342470318079, 0.02413606034591794], "val_acc": [0.93, 0.96, 0.98, 0.97, 0.97, 0.98, 0.99, 0.99, 0.99, 0.98, 0.98, 0.99, 1.0, 0.99, 1.0, 0.99, 0.99, 0.99, 1.0, 0.99, 1.0, 1.0, 1.0, 1.0, 1.0, 1.0, 1.0, 1.0, 1.0, 1.0, 0.99, 0.99, 0.99, 1.0, 0.99, 1.0, 1.0, 0.99, 0.99]}