{"train_loss": [0.7174655759334564, 0.47084604144096376, 0.5063352763652802, 0.394693004488945, 0.4267095214128494, 0.39149350762367247, 0.3600677627325058, 0.3514359307289123, 0.36588337004184723, 0.3449129402637482, 0.3627605015039444, 0.34617102801799776, 0.3208910697698593, 0.33420084953308105, 0.29632595360279085, 0.30514016628265384, 0.29260645151138304, 0.289975169301033, 0.2615737783908844, 0.26479321599006655, 0.2672411286830902, 0.2988533157110214, 0.24642012059688567, 0.2582036903500557, 0.2376804268360138, 0.242249211370945, 0.2706895989179611, 0.23161128759384156, 0.27512687623500826, 0.2508775699138641, 0.24313494682312012, 0.21631478577852248, 0.230756453871727, 0.2213943287730217, 0.22708345025777818, 0.23255295798182488], "train_acc": [0.665, 0.7825, 0.78375, 0.8225, 0.80875, 0.83125, 0.86125, 0.8425, 0.84375, 0.84625, 0.84375, 0.86125, 0.865, 0.855, 0.87875, 0.86, 0.8825, 0.88, 0.885, 0.8875, 0.88625, 0.8675, 0.89625, 0.895, 0.905, 0.905, 0.88875, 0.89875, 0.90125, 0.89375, 0.89875, 0.90875, 0.89875, 0.90375, 0.9025, 0.90875], "val_loss": [0.4249374425411224, 0.296581540107727, 0.28058963298797607, 0.23031485557556153, 0.21963841915130616, 0.15280238628387452, 0.192465980052948, 0.1881138825416565, 0.16465698957443237, 0.22277801513671874, 0.21912992477416993, 0.20334110736846925, 0.16611069679260254, 0.172575660943985, 0.14404273629188538, 0.12205360293388366, 0.1454326581954956, 0.209328376352787, 0.1453194010257721, 0.13420243978500365, 0.12615815162658692, 0.16161992251873017, 0.1446799224615097, 0.18350966542959213, 0.14194247841835023, 0.11309470772743226, 0.12355378866195679, 0.13830320835113524, 0.14479630321264267, 0.13614856600761413, 0.1493461561203003, 0.12471400141716003, 0.1320113492012024, 0.11348387122154235, 0.11439680576324462, 0.12056494504213333], "val_acc": [0.83, 0.9, 0.89, 0.9, 0.91, 0.95, 0.93, 0.92, 0.95, 0.87, 0.9, 0.91, 0.96, 0.94, 0.97, 0.97, 0.96, 0.91, 0.95, 0.94, 0.97, 0.93, 0.94, 0.9, 0.95, 0.97, 0.97, 0.96, 0.93, 0.95, 0.95, 0.98, 0.97, 0.99, 0.98, 0.97]}