{"train_loss": [0.3678287196159363, 0.18026584580540658, 0.14009312614798547, 0.1467854505777359, 0.12465477183461189, 0.10005511842668056, 0.09027409918606281, 0.06153158273547888, 0.05487649910151959, 0.05730492988601327, 0.04063007643679157, 0.03777288509532809, 0.06293272600509227, 0.027526397807523608, 0.03181324572302401, 0.03588171945884824, 0.024810941088944674, 0.0275622252933681, 0.022744403465185314, 0.028221540407976135, 0.06873175786109641, 0.02903297815239057, 0.02275270454818383, 0.04825917595648207, 0.017777878548949955, 0.020593978122342378, 0.012571826507919468, 0.022712852337863295, 0.03614878332824446, 0.025247158987331205, 0.010370227087987587, 0.006746414644876495, 0.009122735452838242, 0.01209736712189624, 0.010953673181065824, 0.014973325204919093, 0.01225671332096681, 0.018566830924537498, 0.015624798399221618, 0.008347822221694515], "train_acc": [0.8325, 0.93375, 0.95, 0.93875, 0.95125, 0.96125, 0.96375, 0.9775, 0.98125, 0.975, 0.98875, 0.9875, 0.97625, 0.99, 0.9875, 0.98625, 0.9925, 0.99, 0.99, 0.98875, 0.98125, 0.9875, 0.99125, 0.9825, 0.9925, 0.99125, 0.99375, 0.99, 0.9925, 0.99, 0.99625, 0.99875, 0.99875, 0.995, 0.99625, 0.995, 0.995, 0.995, 0.99375, 0.9975], "val_loss": [0.12443082869052886, 0.07281972333788872, 0.037668409645557406, 0.05167907997965813, 0.07282217711210251, 0.03269190698862076, 0.04440159108489752, 0.016992107816040516, 0.013235351741313935, 0.01862028516829014, 0.00974397687241435, 0.00873323403764516, 0.004440055638551712, 0.0050692303758114576, 0.0036972191743552684, 0.004304155129939318, 0.012611453160643578, 0.010305531084304676, 0.0030342360911890863, 0.0032198775839060545, 0.009009245149791241, 0.00537915788590908, 0.009434964675456285, 0.011146320565603673, 0.0044658870808780195, 0.005257203131914139, 0.003656935920007527, 0.0015682840486988426, 0.00175001191906631, 0.00132069073850289, 0.0021269966289401056, 0.006580214062705636, 0.0029882255755364893, 0.006663219477050006, 0.0047253329632803796, 0.006051324447616935, 0.011512990295886993, 0.008625384909100831, 0.004959541903808713, 0.005065113976597786], "val_acc": [0.95, 0.97, 1.0, 0.98, 0.97, 0.98, 0.99, 1.0, 1.0, 0.99, 0.99, 1.0, 1.0, 1.0, 1.0, 1.0, 0.99, 1.0, 1.0, 1.0, 0.99, 1.0, 0.99, 0.99, 1.0, 1.0, 1.0, 1.0, 1.0, 1.0, 1.0, 1.0, 1.0, 1.0, 1.0, 1.0, 0.99, 0.99, 1.0, 1.0]}